Topic,Header,News,Source Link
Middle East Mergers & Acquisitions,MENA M&A reaches $46.7bn in H1 as Q2 deal value doubles,"Arab News reports that the Middle East and North Africa completed 390 mergers and acquisitions worth $46.7 billion in the first half of 2026, with Q2 deal value more than doubling year-on-year, highlighting resilient regional dealmaking despite global uncertainty. ([arabnews.com](https://www.arabnews.com/node/2654098/business-economy))",https://www.arabnews.com/node/2654098/business-economy
Middle East Mergers & Acquisitions,Saudi Arabia M&A activity rises to 24 deals in Q1 worth $689m,"According to Arab News, Saudi Arabia recorded 24 mergers and acquisitions totaling $689 million in the first quarter of 2026, a 4 percent annual increase in deal volume driven by continued investor interest in the Kingdom’s market. ([arabnews.com](https://www.arabnews.com/node/2645765/business-economy))",https://www.arabnews.com/node/2645765/business-economy
Middle East Mergers & Acquisitions,Saudi Arabia leads GCC dealmaking as M&A strengthens,"Arab News says Saudi Arabia led Gulf Cooperation Council dealmaking in 2025 as Middle East mergers and acquisitions strengthened, with strategic investors accounting for 61 percent of insured transactions amid robust regional activity. ([arabnews.com](https://www.arabnews.com/node/2642399/business-economy))",https://www.arabnews.com/node/2642399/business-economy
Middle East Mergers & Acquisitions,MENA mergers and acquisitions activity surges in H1 with $59bn in deals: EY,"Arab News cites an EY report showing MENA mergers and acquisitions rose 19 percent in the first half of 2025 to $58.7 billion, with chemicals and technology sectors dominating cross-border deal value and activity concentrated in the UAE and Saudi Arabia. ([arabnews.com](https://www.arabnews.com/node/2612297/business-economy))",https://www.arabnews.com/node/2612297/business-economy
Middle East Mergers & Acquisitions,Middle East M&A value surges 52% to reach $29bn in 2024: Bain & Co.,"Arab News reports that a Bain & Co. study found Middle East mergers and acquisitions deal value jumped 52 percent in 2024 to $29 billion, led by Saudi Arabia and the UAE and underpinned by sovereign wealth fund activity and strategic transactions. ([arabnews.com](https://www.arabnews.com/node/2589082/business-economy))",https://www.arabnews.com/node/2589082/business-economy
Strategic Investments & Partnerships,"Startup Wrap: Gaming, healthcare and fintech firms raise funding and expand operations in lively market","Roundup of recent funding deals and strategic investments across Saudi Arabia, the UAE, and Egypt, highlighting partnerships and expansion plans for gaming, healthcare, fintech, and other regional startups. ([arabnews.com](https://www.arabnews.com/node/2652990/business-economy))",https://www.arabnews.com/node/2652990/business-economy
Strategic Investments & Partnerships,PIF signs $15bn financing deal with US EXIM to support strategic investments and procurement from US companies,Saudi Arabia’s Public Investment Fund and the US Export-Import Bank agree on a financing framework of up to $15 billion to back strategic investments and strengthen trade and partnership opportunities for Saudi and American firms. ([arabnews.com](https://www.arabnews.com/node/2652224/business-economy)),https://www.arabnews.com/node/2652224/business-economy
Strategic Investments & Partnerships,Saudi multi-billion-dollar corporations are driving strategic investments in startup ecosystem,Explores how Saudi corporate venture arms like Aramco Ventures and stc’s investment vehicles use strategic investments and partnerships to support startups and advance Vision 2030 goals. ([arabnews.com](https://www.arabnews.com/node/2592789/business-economy)),https://www.arabnews.com/node/2592789/business-economy
Strategic Investments & Partnerships,MENA startup funding hits $15.4bn over 5 years; corporate investors emerge as key players in venture capital landscape,Details how corporate investors in Saudi Arabia and the UAE are using strategic investments to gain exposure to emerging technologies and deepen partnerships in the regional startup ecosystem. ([arabnews.com](https://www.arabnews.com/node/2643406/business-economy)),https://www.arabnews.com/node/2643406/business-economy
Strategic Investments & Partnerships,Saudi Arabia makes significant moves in semiconductor sector with strategic investments,Describes Saudi Arabia’s strategic investments and international partnerships in the semiconductor industry as part of its broader push to secure technological leadership and economic diversification. ([arabnews.com](https://www.arabnews.com/node/2566001/business-economy)),https://www.arabnews.com/node/2566001/business-economy
AI & Generative AI,Saudi Arabia strengthens position among leading AI nations: report,"An international study highlights Saudi Arabia’s national AI strategy as a model for how governments can build sovereign AI capabilities, underscoring the Kingdom’s growing role in the global AI race. ([arabnews.com](https://www.arabnews.com/node/2651158/business-economy))",https://www.arabnews.com/node/2651158/business-economy
AI & Generative AI,From founder formation to exits: where MENA’s venture capital journey is headed next,"A new analysis of MENA venture funding shows artificial intelligence now accounts for over a fifth of total regional investment and nearly a third of deals, reflecting how AI and generative AI startups are driving the next phase of the ecosystem. ([backup.arabnews.com](https://backup.arabnews.com/node/2651440/business-economy))",https://backup.arabnews.com/node/2651440/business-economy
AI & Generative AI,Saudi Arabia designates 2026 the Year of Artificial Intelligence,"Riyadh’s decision to label 2026 as the Year of AI reaffirms the technology as a national priority, with plans to accelerate adoption, talent development and innovation aligned with Vision 2030. ([arabnews.com](https://www.arabnews.com/node/2636061/saudi-arabia))",https://www.arabnews.com/node/2636061/saudi-arabia
AI & Generative AI,Saudi businesses step up AI use as adoption reaches 27.6%: GASTAT,"Official data show more than a quarter of Saudi firms now use AI tools, signaling rapid diffusion of AI and related generative technologies across the private sector. ([arabnews.com](https://www.arabnews.com/node/2627661/business-economy))",https://www.arabnews.com/node/2627661/business-economy
AI & Generative AI,Saudi Arabia’s AI moment,"A commentary examines how the Kingdom’s long-term AI strategy, launched in 2020, has positioned it at the top of global rankings for government AI readiness and is now moving into large-scale implementation. ([arabnews.com](https://www.arabnews.com/node/2632771))",https://www.arabnews.com/node/2632771
Cybersecurity,Cyber crime: UK energy alert issued after Iranian cyber attack on power plant,"UK authorities issued an energy security alert after a suspected Iranian cyberattack targeted a power plant, highlighting growing concerns over state-backed cyber operations and critical infrastructure vulnerability. ([thenationalnews.com](https://www.thenationalnews.com/tags/cyber-crime/))",https://www.thenationalnews.com/tags/cyber-crime/
Cybersecurity,Cyber crime: US says Iranian hackers tried to extort HBO,"US officials accused Iranian-linked hackers of attempting to extort TV network HBO, underscoring the use of high-profile media companies as leverage in financially and politically motivated cyber campaigns. ([thenationalnews.com](https://www.thenationalnews.com/tags/cyber-crime/))",https://www.thenationalnews.com/tags/cyber-crime/
Cybersecurity,Cyber crime: Apple notification sparks concern about 'mercenary spyware',"Security notifications from Apple warned users about possible targeting by commercial “mercenary spyware,” raising alarms over the spread of sophisticated surveillance tools sold to governments and private actors. ([thenationalnews.com](https://www.thenationalnews.com/tags/cyber-crime/))",https://www.thenationalnews.com/tags/cyber-crime/
Cybersecurity,Cyber crime: Iran warns of hacks and global internet cuts if US strikes resume,"Iran threatened large-scale hacking operations and potential disruption of global internet connectivity if US military strikes resume, signaling the growing role of cyber capabilities in geopolitical brinkmanship. ([thenationalnews.com](https://www.thenationalnews.com/tags/cyber-crime/))",https://www.thenationalnews.com/tags/cyber-crime/
Cybersecurity,Cyber crime: Why countries shouldn't outsource their cybersecurity,"A commentary warns that outsourcing national cybersecurity to foreign providers can create strategic dependencies and vulnerabilities, urging states to build robust domestic capabilities instead. ([thenationalnews.com](https://www.thenationalnews.com/tags/cyber-crime/))",https://www.thenationalnews.com/tags/cyber-crime/
Sovereign Wealth & Government Technology Investment,Middle East sovereign wealth funds set for transformative growth amid global shifts: Bain & Co.,"Bain & Co. finds Middle Eastern sovereign wealth funds are entering a pivotal decade in which they must adapt to technological disruption and the global energy transition, with many explicitly targeting knowledge-based and tech-driven economies as part of national strategies. ([arabnews.com](https://www.arabnews.com/node/2648134/business-economy))",https://www.arabnews.com/node/2648134/business-economy
Sovereign Wealth & Government Technology Investment,UAE wealth funds bet big on fintech amid global tech shifts,"Arab News reports that leading UAE sovereign wealth funds such as ADQ, Mubadala, ADIA and Lunate are increasingly channeling oil wealth into global fintech platforms and digital infrastructure, moving beyond passive capital into ecosystem-building roles. ([arabnews.com](https://www.arabnews.com/node/2614786/business-economy))",https://www.arabnews.com/node/2614786/business-economy
Sovereign Wealth & Government Technology Investment,PIF’s HUMAIN to launch $10bn AI fund in global tech push,"Saudi Arabia’s Public Investment Fund is backing HUMAIN, a planned $10 billion artificial intelligence fund that will invest in advanced technologies worldwide, underscoring how Gulf sovereign wealth capital is becoming a critical source of funding for global tech firms. ([arabnews.com](https://www.arabnews.com/node/2602454/business-economy))",https://www.arabnews.com/node/2602454/business-economy
Sovereign Wealth & Government Technology Investment,"PIF lifts US holdings to $23.8bn, exits tech and moves into chips","Filing data cited by Arab News show Saudi Arabia’s PIF reshaping its U.S. portfolio by exiting several big tech and e‑commerce names while increasing stakes in electric vehicles and chip design, highlighting a more targeted sovereign approach to strategic technology sectors. ([arabnews.com](https://www.arabnews.com/node/2612963/business-economy))",https://www.arabnews.com/node/2612963/business-economy
Sovereign Wealth & Government Technology Investment,"Oman’s sovereign fund nets $4.1bn profit with disciplined, future-focused strategy","Arab News details how Oman’s sovereign fund has shifted into technology-driven, future-facing projects including energy, mining and cross-border platforms, reflecting a broader Gulf trend from passive holdings to active, tech-aligned deal-making in support of national development goals. ([arabnews.com](https://www.arabnews.com/node/2605625/business-economy))",https://www.arabnews.com/node/2605625/business-economy
